genus,species,score
Morella,californica,0.5334558823529412
Myrica,californica,0.23717948717948717
Myrica,gale,0.22676046380090498
Myrica,hartwegii,0.0026041666666666665
