genus,best_partitioning,values
Vinca,1,0.19458539693382434
Asclepias,1,0.28979488038244466
Apocynum,1,0.499834521300615
