genus,best_partitioning,values
Crassula,1,0.0733921493240471
Sedum,5,0.879246241558907
