genus,best_partitioning,values
Thuja,1,0.20177642657650768
Juniperus,1,0.29812227026442994
