genus,best_partitioning,values
Montia,1,0.25120106581201707
Claytonia,2,0.5280576051269896
