,score,best_partitioning
Montia parvifolia,0.09803081494416964,1
Claytonia sibirica,0.20631057619217447,1
Claytonia perfoliata,0.07149567951856084,1
