genus,best_partitioning,values
Ligustrum,1,0.1406798001951672
Fraxinus,3,0.8218823096527818
