,score,best_partitioning
Ligustrum vulgare,0.08574063459839643,1
Fraxinus latifolia,0.7780496603139763,1
Fraxinus dipetala,0.02131782945736434,1
Fraxinus excelsior,0.007352941176470587,1
