genus,best_partitioning,values
Orthocarpus,1,0.061549065122564146
Pedicularis,1,0.19542093327453597
Castilleja,3,0.5171240796163361
