genus,best_partitioning,values
Mimulus,1,0.25269972061592916
Erythranthe,2,0.681637475417271
