genus,best_partitioning,values
Digitalis,1,0.04814365912881148
Collinsia,1,0.1195619409760539
Plantago,2,0.16908580883898433
Veronica,2,0.1728719275535093
Penstemon,2,0.2734624274272574
