genus,best_partitioning,values
Microsteris,1,0.1088269324140011
Polemonium,1,0.11371104452331596
Phlox,1,0.1392443200055025
Navarretia,1,0.1612113019669793
Collomia,1,0.2001796679410589
