genus,best_partitioning,values
Primula,1,0.23775216138328528
Dodecatheon,1,0.30522905516319854
Lysimachia,1,0.39991506094963875
