genus,species,score
Laurus,nobilis,0.17857142857142858
Persea,americana,0.03571428571428571
Sassafras,albidum,0.0024752475247524753
Umbellularia,californica,0.7832390381895332
