genus,species,score
Parthenocissus,tricuspidata,0.008064516129032258
Parthenocissus,vitacea,0.1147732585320243
Vitis,californica,0.6145078502415459
Vitis,girdiana,0.001736111111111111
Vitis,labrusca,0.12657784011220197
Vitis,riparia,0.016129032258064516
Vitis,rupestris,0.001736111111111111
Vitis,vinifera,0.11647528050490882
