genus,best_partitioning,values
Downingia,1,0.1745490490610458
Campanula,2,0.5414666964160533
