genus,best_partitioning,values
Chrysolepis,1,0.15618278971940555
Quercus,2,0.7149759215749827
