,score,best_partitioning
Frasera albicaulis,0.09690649538709857,1
Centaurium erythraea,0.23909295761117286,1
Gentiana sceptrum,0.13564251224146168,1
