genus,best_partitioning,values
Frasera,1,0.1531115033033655
Centaurium,1,0.24910890156333432
Gentiana,1,0.4078647406535869
