,score,best_partitioning
Erodium cicutarium,0.24004958110924984,1
Geranium molle,0.16193552105135492,1
Geranium dissectum,0.14878217809056782,1
