genus,best_partitioning,values
Erodium,1,0.27916271511276947
Geranium,2,0.716384589441641
