,score,best_partitioning
Sisyrinchium idahoense,0.12590352846575004,1
Iris tenax,0.1746220481386317,1
Iris chrysophylla,0.10699990666551792,1
