genus,best_partitioning,values
Sisyrinchium,1,0.3067564873799955
Iris,2,0.5748625533611395
