genus,best_partitioning,values
Veratrum,1,0.1950138813787049
Toxicoscordion,1,0.21163906639750613
Trillium,1,0.33858639842717286
