genus,best_partitioning,values
Chamerion,1,0.10442992322723472
Clarkia,1,0.14886562088680974
Epilobium,3,0.4963499682274743
