,score,best_partitioning
Listera cordata,0.04650194799575117,1
Cypripedium fasciculatum,0.05269008795683579,1
Corallorhiza maculata,0.08804364084084444,1
Platanthera dilatata,0.09930905451568084,1
