genus,best_partitioning,values
Listera,1,0.09291656609073747
Cypripedium,1,0.11969260782705866
Corallorhiza,1,0.17419780128731144
Platanthera,1,0.267803741519883
