genus,best_partitioning,values
Picea,1,0.08475569971610915
Tsuga,1,0.1201808785754263
Pseudotsuga,1,0.19825887543879614
Abies,1,0.22378847618585637
Pinus,2,0.35868976950483306
