genus,best_partitioning,values
Persicaria,1,0.09763970287622181
Polygonum,2,0.18715515078934467
Rumex,2,0.26753545380491744
Eriogonum,2,0.3186802135096594
