genus,best_partitioning,values
Cryptogramma,1,0.20988638179807886
Adiantum,1,0.21926961634954528
