,score,best_partitioning
Kelloggia galioides,0.05917391716241055,1
Galium aparine,0.21866620046011664,1
Galium triflorum,0.14125188895172824,1
Galium trifidum,0.13359453911838254,1
Galium oreganum,0.06934994097875177,1
Galium ambiguum,0.04412707499270069,1
