genus,best_partitioning,values
Kelloggia,1,0.059173917162410564
Galium,5,0.8786453419284479
