,score,best_partitioning
Acer macrophyllum,0.3692081584581152,1
Acer circinatum,0.3343041731110921,1
Acer glabrum,0.17552009784147776,1
