genus,best_partitioning,values
Tellima,1,0.07650732362277958
Lithophragma,1,0.08563665996494285
Tiarella,1,0.10536025827717456
Heuchera,1,0.11490273732070404
Micranthes,1,0.2231430983434899
