,score,best_partitioning
Nicotiana attenuata,0.05234299986865594,1
Solanum dulcamara,0.23199977731498994,1
Solanum parishii,0.11042906434930552,1
Solanum nigrum,0.06866622780742418,1
