genus,best_partitioning,values
Nicotiana,1,0.09350365014571357
Solanum,3,0.7424582956299486
